id;title;image_url;description;pick_up_time;start_date;end_date;pickup_address;latitude;longitude;city;district;last_modified_by;last_modified_date;status;category_id
1;mobile Fish;Home Loan Account Table Computer;Trace;Savings Account alarm;2019-12-08T17:26:36;2019-12-08T16:35:01;transmitter Implementation Electronics;99221;18340;Elliottstad;Grocery Home;Investment Account Steel;2019-12-08T10:55:33;24/7 Common bluetooth;1
2;syndicate;Mississippi Refined Rubber Chicken Table;Automotive;Planner cross-platform access;2019-12-08T15:35:36;2019-12-08T12:23:45;Monitored Bahamian Dollar Investment Account;83319;3438;Port Giovannaberg;invoice;convergence;2019-12-08T12:56:48;Georgia Industrial;2
3;connect Markets Chief;capacitor archive;sky blue Tasty Plastic Pizza;compress South Georgia and the South Sandwich Islands;2019-12-08T03:51:20;2019-12-08T09:22:31;mission-critical Faroe Islands Plastic;80219;16526;North Wymanview;reinvent 24 hour Jewelery;monitor;2019-12-08T00:26:29;quantify Unbranded Plastic Tuna Frozen;3
4;generating Highway Ergonomic;moratorium moratorium;New York tangible Mississippi;Frozen bus;2019-12-07T23:40:43;2019-12-08T00:36:58;Robust Networked;4043;52273;Hesterland;partnerships;Outdoors;2019-12-08T02:39:49;knowledge base Buckinghamshire;4
5;Concrete Investment Account Saint Lucia;User-centric;Money Market Account;Salad Web virtual;2019-12-08T02:44:09;2019-12-08T15:24:20;Squares mint green e-business;88328;53934;Lake Bonnie;granular Direct contextually-based;synergies copying;2019-12-07T21:16:48;Games;5
6;Iraq Bedfordshire;Concrete 24/7 Directives;sky blue;Kenyan Shilling robust;2019-12-07T18:36:53;2019-12-08T11:50:36;Exclusive Moroccan Dirham card;14808;28484;Bashirianburgh;Analyst paradigms;encompassing;2019-12-07T20:08:21;Public-key Granite;6
7;Way Dominican Republic;Bulgarian Lev navigate;Re-contextualized;web-enabled invoice withdrawal;2019-12-08T05:04:44;2019-12-07T22:20:36;optical;15071;32078;Chynachester;HDD;Algerian Dinar;2019-12-08T17:32:21;Buckinghamshire Future-proofed deposit;7
8;Quality;synthesize Creative;Forint;Concrete Global SMS;2019-12-08T11:44:49;2019-12-08T12:27:08;Bacon Designer;51663;52965;East Zelma;Agent;Human deposit;2019-12-08T09:48:03;cross-media;8
9;programming SCSI drive;invoice Unbranded Cheese;New Zealand Dollar Alabama transform;invoice Home Gloves;2019-12-08T04:46:04;2019-12-08T06:16:58;Ports Manager Fish;1807;23724;West Chaya;world-class program alarm;Nevada;2019-12-08T15:41:21;turn-key dedicated;9
10;Wisconsin;target Human withdrawal;dot-com payment Libyan Dinar;white sensor local;2019-12-08T17:21:14;2019-12-07T23:29:32;Intelligent Frozen Sausages Villages;27956;91486;Hillsmouth;Factors;architectures;2019-12-07T18:44:16;Strategist SDD;10
